{"is_source_file": true, "format": "JavaScript (ES module, .mjs)", "description": "ESLint configuration file for a JavaScript/React project, defining file patterns, parser options, global variables, and plugins/rules.", "external_files": ["@eslint/js", "eslint-plugin-react"], "external_methods": ["pluginJs", "pluginReact"], "published": [], "classes": [], "methods": [{"name": "default", "description": "Default exported ESLint configuration array setting file patterns, parser options, globals, and plugin rules."}], "calls": ["pluginJs", "pluginReact"], "search-terms": ["eslint.config.mjs", "eslint", "plugins", "rules", "parserOptions", "globals", "jsx", "react", "ecmaVersion"], "state": 2, "file_id": 4, "knowledge_revision": 23, "git_revision": "f3f0dc4d3cea75174bf2f77d812e5e79031b623c", "hash": "be6538e7523bc2e9da0743133d784136", "format-version": 4, "code-base-name": "frontend_app", "filename": "frontend_app/eslint.config.mjs", "revision_history": [{"23": "f3f0dc4d3cea75174bf2f77d812e5e79031b623c"}]}