{"is_source_file": true, "format": "HTML", "description": "Basic HTML template for the frontend application, including meta tags, links to fonts and icons, and a root div for rendering a frontend app.", "external_files": ["%PUBLIC_URL%/favicon.ico", "%PUBLIC_URL%/logo192.png", "%PUBLIC_URL%/manifest.json"], "external_methods": [], "published": [], "classes": [], "methods": [], "calls": [], "search-terms": ["HTML", "frontend", "template", "KAVIA App", "public/index.html", "meta tags", "root div"], "state": 3, "file_id": 2, "knowledge_revision": 22, "git_revision": "f3f0dc4d3cea75174bf2f77d812e5e79031b623c", "hash": "d2b40d02d5f7873d8a6713bad837edd4", "format-version": 4, "code-base-name": "frontend_app", "filename": "frontend_app/public/index.html", "revision_history": [{"22": "f3f0dc4d3cea75174bf2f77d812e5e79031b623c"}, {"26": "f3f0dc4d3cea75174bf2f77d812e5e79031b623c"}]}