{"is_source_file": true, "format": "JavaScript", "description": "React component for the main application interface, including navigation, sections, and associated UI behavior.", "external_files": ["./components/Header", "./components/Footer", "./components/AccentWidget", "./App.css"], "external_methods": ["React.useState", "React.useEffect", "React.useMemo"], "published": ["App"], "classes": [], "methods": [{"name": "scrollToWidget", "description": "Function to smoothly scroll to the widget section in the page."}, {"name": "App()", "scope": "", "scopeKind": "", "description": "unavailable"}], "calls": ["React.useState", "React.useEffect", "React.useMemo", "document.getElementById", "observer.observe", "observer.disconnect", "setActiveSectionId", "el?.scrollIntoView"], "search-terms": ["React component", "IntersectionObserver", "scrollIntoView", "useState", "useEffect", "useMemo", "section navigation", "app layout", "App.js"], "state": 2, "file_id": 8, "knowledge_revision": 33, "git_revision": "2244f0b72fec5aecab2d179b186672f7f4f1c470", "revision_history": [{"25": "f3f0dc4d3cea75174bf2f77d812e5e79031b623c"}, {"33": "2244f0b72fec5aecab2d179b186672f7f4f1c470"}], "ctags": [{"_type": "tag", "name": "App", "path": "/home/kavia/workspace/code-generation/simple-frontend-interface-211172-211356/frontend_app/src/App.js", "pattern": "/^function App() {$/", "language": "JavaScript", "kind": "function", "signature": "()"}], "hash": "3d147194a73a4da39aba152436bbc922", "format-version": 4, "code-base-name": "frontend_app", "filename": "frontend_app/src/App.js"}