{"is_source_file": false, "format": "", "description": "", "external_files": [], "external_methods": [], "published": [], "classes": [], "methods": [], "calls": [], "search-terms": [], "state": 2, "file_id": 7, "knowledge_revision": 27, "git_revision": "f3f0dc4d3cea75174bf2f77d812e5e79031b623c", "hash": "08027f1864370298d1dd3c91cc75d24a", "format-version": 4, "code-base-name": "frontend_app", "filename": "frontend_app/src/index.css", "revision_history": [{"27": "f3f0dc4d3cea75174bf2f77d812e5e79031b623c"}]}