{"is_source_file": true, "format": "JavaScript (React JSX)", "description": "This file defines a React functional component called AccentWidget, which provides a UI widget with a slider to blend between two accent colors, displaying a preview of the resulting color.", "external_files": [], "external_methods": ["React.useId", "React.useMemo", "React.useState"], "published": ["AccentWidget"], "classes": [], "methods": [{"name": "AccentWidget()", "description": "React functional component that renders a color accent blending widget with a slider input and preview.", "scope": "", "scopeKind": ""}], "calls": ["React.useId", "React.useMemo", "React.useState", "setMix"], "search-terms": ["AccentWidget", "accent color blending", "React component", "color slider", "Color preview", "useMemo", "useState"], "state": 2, "file_id": 15, "knowledge_revision": 34, "git_revision": "2244f0b72fec5aecab2d179b186672f7f4f1c470", "ctags": [{"_type": "tag", "name": "0", "path": "/home/kavia/workspace/code-generation/simple-frontend-interface-211172-211356/frontend_app/src/components/AccentWidget.jsx", "pattern": "/^          min={0}$/", "language": "JavaScript", "kind": "field", "scope": "AccentWidget.min", "scopeKind": "class"}, {"_type": "tag", "name": "100", "path": "/home/kavia/workspace/code-generation/simple-frontend-interface-211172-211356/frontend_app/src/components/AccentWidget.jsx", "pattern": "/^          max={100}$/", "language": "JavaScript", "kind": "field", "scope": "AccentWidget.max", "scopeKind": "class"}, {"_type": "tag", "name": "AccentWidget", "path": "/home/kavia/workspace/code-generation/simple-frontend-interface-211172-211356/frontend_app/src/components/AccentWidget.jsx", "pattern": "/^export default function AccentWidget() {$/", "language": "JavaScript", "kind": "function", "signature": "()"}, {"_type": "tag", "name": "mix", "path": "/home/kavia/workspace/code-generation/simple-frontend-interface-211172-211356/frontend_app/src/components/AccentWidget.jsx", "pattern": "/^          value={mix}$/", "language": "JavaScript", "kind": "field", "scope": "AccentWidget.value", "scopeKind": "class"}, {"_type": "tag", "name": "sliderId", "path": "/home/kavia/workspace/code-generation/simple-frontend-interface-211172-211356/frontend_app/src/components/AccentWidget.jsx", "pattern": "/^          id={sliderId}$/", "language": "JavaScript", "kind": "field", "scope": "AccentWidget.id", "scopeKind": "class"}], "hash": "409f0839a6e15f2560831d03bbfefb9b", "format-version": 4, "code-base-name": "frontend_app", "filename": "frontend_app/src/components/AccentWidget.jsx", "fields": [{"name": "min={0}", "scope": "AccentWidget.min", "scopeKind": "class", "description": "unavailable"}, {"name": "max={100}", "scope": "AccentWidget.max", "scopeKind": "class", "description": "unavailable"}, {"name": "value={mix}", "scope": "AccentWidget.value", "scopeKind": "class", "description": "unavailable"}, {"name": "id={sliderId}", "scope": "AccentWidget.id", "scopeKind": "class", "description": "unavailable"}], "revision_history": [{"34": "2244f0b72fec5aecab2d179b186672f7f4f1c470"}]}