{"is_source_file": false, "format": "", "description": "", "external_files": [], "external_methods": [], "published": [], "classes": [], "methods": [], "calls": [], "search-terms": [], "state": 2, "file_id": 2, "knowledge_revision": 26, "git_revision": "f3f0dc4d3cea75174bf2f77d812e5e79031b623c", "revision_history": [{"22": "f3f0dc4d3cea75174bf2f77d812e5e79031b623c"}, {"26": "f3f0dc4d3cea75174bf2f77d812e5e79031b623c"}], "hash": "bdba9b8bc971f386e73563c3a3102416", "format-version": 4, "code-base-name": "frontend_app", "filename": "frontend_app/public/index.html"}