{"is_source_file": true, "format": "JavaScript", "description": "This is the main entry point for a React application, importing necessary modules and rendering the root component into the DOM.", "external_files": ["react", "react-dom/client", "./index.css", "./App"], "external_methods": ["ReactDOM.createRoot", "root.render", "React.StrictMode", "React", "ReactDOM"], "published": [], "classes": [], "methods": [{"name": "root.render", "description": "Renders React components into the root DOM node."}, {"name": "React.StrictMode", "description": "A wrapper component that activates additional checks and warnings for its descendants."}], "calls": ["ReactDOM.createRoot", "root.render", "React.StrictMode", "App"], "search-terms": ["ReactDOM", "createRoot", "React.StrictMode", "index.js", "frontend_app"], "state": 2, "file_id": 11, "knowledge_revision": 24, "git_revision": "f3f0dc4d3cea75174bf2f77d812e5e79031b623c", "ctags": [{"_type": "tag", "name": "root", "path": "/home/kavia/workspace/code-generation/simple-frontend-interface-211172-211356/frontend_app/src/index.js", "pattern": "/^const root = ReactDOM.createRoot(document.getElementById('root'));$/", "language": "JavaScript", "kind": "constant"}], "hash": "9fc5841375336fc175b49f8767a11383", "format-version": 4, "code-base-name": "frontend_app", "filename": "frontend_app/src/index.js", "revision_history": [{"24": "f3f0dc4d3cea75174bf2f77d812e5e79031b623c"}]}