{"is_source_file": false, "format": "", "description": "", "external_files": [], "external_methods": [], "published": [], "classes": [], "methods": [], "calls": [], "search-terms": [], "state": 2, "file_id": 3, "knowledge_revision": 15, "git_revision": "f3f0dc4d3cea75174bf2f77d812e5e79031b623c", "hash": "d9d975cebe2ec20b6c652e1e4c12ccf0", "format-version": 4, "code-base-name": "frontend_app", "filename": "frontend_app/public/manifest.json", "revision_history": [{"15": "f3f0dc4d3cea75174bf2f77d812e5e79031b623c"}]}