{"is_source_file": true, "file_id": 14, "git_revision": "", "state": 1, "description": "", "external_files": [], "external_methods": [], "published": [], "classes": [], "methods": [], "calls": [], "search-terms": [], "ctags": [{"_type": "tag", "name": "Footer", "path": "/home/kavia/workspace/code-generation/simple-frontend-interface-211172-211356/frontend_app/src/components/Footer.jsx", "pattern": "/^export default function Footer() {$/", "language": "JavaScript", "kind": "function", "signature": "()"}], "format": "JavaScript", "hash": "2abadfb6acd9df0fc3e4bd1aaddfa663", "format-version": 4, "code-base-name": "frontend_app", "filename": "frontend_app/src/components/Footer.jsx", "knowledge_revision": 30}