{"is_source_file": true, "format": "JavaScript (React JSX)", "description": "This is a React component file defining the main App component for a frontend application. It manages a theme state ('light' or 'dark') and toggles the theme when a button is clicked. The component renders UI elements including a button to switch themes, an image logo, and some informational text.", "external_files": ["./logo.svg", "./App.css"], "external_methods": [], "published": ["App"], "classes": [], "methods": [{"name": "toggleTheme", "description": "Function to toggle the theme state between 'light' and 'dark'."}, {"name": "App()", "scope": "", "scopeKind": "", "description": "unavailable"}], "calls": ["React.useState", "React.useEffect", "document.documentElement.setAttribute", "setTheme", "prevTheme => prevTheme === 'light' ? 'dark' : 'light'", "console.log"], "search-terms": ["React component", "theme toggle", "useState", "useEffect", "App.js", "frontend_theme_switch", "React App"], "state": 2, "file_id": 8, "knowledge_revision": 25, "git_revision": "f3f0dc4d3cea75174bf2f77d812e5e79031b623c", "ctags": [{"_type": "tag", "name": "App", "path": "/home/kavia/workspace/code-generation/simple-frontend-interface-211172-211356/frontend_app/src/App.js", "pattern": "/^function App() {$/", "language": "JavaScript", "kind": "function", "signature": "()"}, {"_type": "tag", "name": "Switch to ${theme === 'light' ? 'dark' : 'light'} mode", "path": "/home/kavia/workspace/code-generation/simple-frontend-interface-211172-211356/frontend_app/src/App.js", "pattern": "/^          aria-label={`Switch to ${theme === 'light' ? 'dark' : 'light'} mode`}$/", "language": "JavaScript", "kind": "field", "scope": "App.aria", "scopeKind": "class"}, {"_type": "tag", "name": "toggleTheme", "path": "/home/kavia/workspace/code-generation/simple-frontend-interface-211172-211356/frontend_app/src/App.js", "pattern": "/^          onClick={toggleTheme}$/", "language": "JavaScript", "kind": "field", "scope": "App.onClick", "scopeKind": "class"}], "hash": "b55dd9e6a018e59207d8e277dffd9e11", "format-version": 4, "code-base-name": "frontend_app", "filename": "frontend_app/src/App.js", "fields": [{"name": "aria-label={`Switch to ${theme === 'light' ? 'dark' : 'light'} mode`}", "scope": "App.aria", "scopeKind": "class", "description": "unavailable"}, {"name": "onClick={toggleTheme}", "scope": "App.onClick", "scopeKind": "class", "description": "unavailable"}], "revision_history": [{"25": "f3f0dc4d3cea75174bf2f77d812e5e79031b623c"}]}