{"is_source_file": false, "format": "", "description": "", "external_files": [], "external_methods": [], "published": [], "classes": [], "methods": [], "calls": [], "search-terms": [], "state": 2, "file_id": 9, "knowledge_revision": 28, "git_revision": "f3f0dc4d3cea75174bf2f77d812e5e79031b623c", "hash": "0d42ded3bfc9c10b90555834a51208ec", "format-version": 4, "code-base-name": "frontend_app", "filename": "frontend_app/src/App.css", "revision_history": [{"28": "f3f0dc4d3cea75174bf2f77d812e5e79031b623c"}]}