{"is_source_file": false, "format": "", "description": "", "external_files": [], "external_methods": [], "published": [], "classes": [], "methods": [], "calls": [], "search-terms": [], "state": 2, "file_id": 5, "knowledge_revision": 14, "git_revision": "f3f0dc4d3cea75174bf2f77d812e5e79031b623c", "hash": "ebece526bc2eadd78ddd787a76c56607", "format-version": 4, "code-base-name": "frontend_app", "filename": "frontend_app/README.md", "revision_history": [{"14": "f3f0dc4d3cea75174bf2f77d812e5e79031b623c"}]}