{"is_source_file": true, "file_id": 13, "git_revision": "", "state": 1, "description": "", "external_files": [], "external_methods": [], "published": [], "classes": [], "methods": [], "calls": [], "search-terms": [], "ctags": [{"_type": "tag", "name": "Header", "path": "/home/kavia/workspace/code-generation/simple-frontend-interface-211172-211356/frontend_app/src/components/Header.jsx", "pattern": "/^export default function Header({ activeSectionId }) {$/", "language": "JavaScript", "kind": "function", "signature": "({ activeSectionId })"}], "format": "JavaScript", "hash": "eb3290f3aecfc5facfee306501c3aa0b", "format-version": 4, "code-base-name": "frontend_app", "filename": "frontend_app/src/components/Header.jsx", "knowledge_revision": 29}